E,Error,p,Error,b,Error,h,Error,q,I,Error,a,Error
5,0.25,6,0.4,10,1.2,14,0.75,1,0.168,0.022077717273305226,0.30550504633038933,0.029599196507041094
5.5,0.25,,,11,1.1,15,0.65,2,0.198,0.0215790731960388,0.3478505426185217,0.030977097274527764
,,,,10,1,,,3,0.18,0.01961733926912618,0.33166247903553997,0.029535503374683823